filename,category,subject,variant,description,original,width,height,bytes,sha256
cars-suzuki-gypsy-blakox-brothers-1.png,cars,suzuki-gypsy-blakox-brothers,1,"Illustrated green Gypsy, driver portrait and BLAKOX BROTHERS lettering.",123.png,2480,3508,8329730,f64a5773db64a15f81611e5266ba0f6c39d92ee8cb73dff3ee4e5acc17ba9058
anniversary-25th-wedding-anniversary-1.png,anniversary,25th-wedding-anniversary,1,Couple portrait on an ivory background with gold 25th wedding anniversary lettering.,76.png,2480,3508,6297799,15f029b3ff82e5fe93fd085059f5205fbf5ce37ee414edd0afcf3faaa90e2a80
cars-volkswagen-polo-itachi-anime-1.png,cars,volkswagen-polo-itachi-anime,1,Red Polo surrounded by Itachi anime artwork and red light effects.,anime polo.png,1080,1350,1807364,5af8cbb8f84a9597c3c36c4021480b87dfa481d08586ed116f58c8734766f5bc
cars-audi-rs4-2.png,cars,audi-rs4,2,Red Audi collage with tall red block lettering and overhead car.,Audi  rs4  no 2.png,2480,3508,6478133,834b7ced64f6af1d9dec3be6625c1aa0240133ff619af92cd5857b6cafd12f47
cars-audi-rs4-4.png,cars,audi-rs4,4,"Front-facing red Audi with block lettering, greener ground and alternate framing.",audi rs4.png,2480,3508,8184249,662767cb450f2a01ce74aebba8d1273f031072bef3cad4f2322f1afa36637a79
cars-audi-rs4-8.png,cars,audi-rs4,8,Red Audi overhead composition with white lettering and stronger red glow.,audi rs4v33344.png,2480,3508,8126491,8496213b78b0fc8e9f944bfd35c35147d6f7c881ba8f2e71b9af3a64dc817aba
birthday-ruha-abrin-photo-collage-1.png,birthday,ruha-abrin-photo-collage,1,Child portrait in front of a monochrome collage; HAPPY BIRTHDAY RUHA ABRIN.,b  dy  no  223.png,2480,3508,9270714,762eb4966bae0cd889ef9d6ef6a06b17cf2cb16cf3108c4d501552dcd81142d5
birthday-jobin-xavier-photo-collage-2.png,birthday,jobin-xavier-photo-collage,2,Alternate birthday collage with larger portrait and brighter lower photos.,b day  no 23433.png,2480,3508,10542987,0ebe1e296dbf790cb80f9bd06d19c63c59d1f480fed8d59d6aab471ae48a85c0
birthday-shan-mothalali-photo-collage-1.png,birthday,shan-mothalali-photo-collage,1,"Blue-shirt portrait beside a car, monochrome collage and birthday message.",b day  no 3.png,2480,3508,7736362,854d992a38c61daecf27dbec9b02603d2a919cc110d099c3e33824c4b1643f0f
cars-suzuki-baleno-2.png,cars,suzuki-baleno,2,Blue Baleno with solid silver model lettering.,baleno.png,2480,3508,7764289,f640548d0e54c94aa1d1e6bb0dbcce844984173bfccdb02067ba6433dc52d506
portraits-mithra-photo-collage-2.png,portraits,mithra-photo-collage,2,Alternate bouquet portrait collage with MITHRA lettering.,bday 223.png,2480,3508,20623913,d48ceee876a3729ffc04aae35dd76750d11a80eb04b1ed8e1a054b78d5f91d61
birthday-sister-photo-collage-1.png,birthday,sister-photo-collage,1,Birthday collage with a central pair portrait and colorful family photos.,Bdayno45.png,2480,3508,11171029,8c26d140386b171ede1cafeb3f88cdb7bbad2eea30378ae846682cb59928a4ff
birthday-sister-photo-collage-2.png,birthday,sister-photo-collage,2,"Birthday collage with yellow text, central pair portrait and darker monochrome photos.",Bdayno45nv2.png,2480,3508,19161625,c242d0800e2973417aa6fcbaa17bd2aee96f68c230684c99d79fc21ce6a14a45
cars-mercedes-benz-green-sedan-1.png,cars,mercedes-benz-green-sedan,1,"Lime-green Mercedes sedan with four round headlights, grille backdrop and MERC lettering.",benz.png,2480,3508,7171297,99342ef5c5ffea4394af195b8b523de61398c9b6dbc87621160589fbd8f45674
bikes-ktm-rc-390-insane-2.png,bikes,ktm-rc-390-insane,2,Turquoise KTM and cyan ring with grey/green background lettering.,bike 2.png,2480,3508,10971413,09a20065dd3ae0ec6e845b72bef79712d78f71331da9e08745165a2482228405
cars-bmw-520d-1.png,cars,bmw-520d,1,"Silver BMW front view with illuminated headlights, rear-view backdrop and white script.",bmw  520d.png,2480,3508,5789666,422eefea4f1a76c8311d7bea49815a023a8250df3ca8b39af13dec71c185f817
cars-bmw-520d-2.png,cars,bmw-520d,2,White BMW on grass with tall orange BMW lettering and 520D label.,bmw  no 3.png,2480,3508,15621190,577c493b010c52450a99c9be4e3ff42dc91edbaf09e48f4e3337cb4ca428aaf9
cars-bmw-320d-green-2.png,cars,bmw-320d-green,2,Alternate green BMW composition with different lighting and car placement.,bmw 320d.png,2480,3508,7709245,593661eda670185c4926672f0dd279089924056004dba45cdc9d29ffd78fd19f
cars-bmw-m3-yellow-1.png,cars,bmw-m3-yellow,1,Yellow BMW M3 beneath enlarged kidney grille and lime-gradient BMW lettering.,BMW m3  no22.png,2480,3508,7858792,4190c3154c1ae74023f0ac4cd96db42332a0b1fc5bd2816c575ee6b654edf5b0
bikes-bajaj-chetak-bravo-1.png,bikes,bajaj-chetak-bravo,1,Blue vintage Bajaj Chetak scooter with BRAVO lettering and illustrated face backdrop.,Bravo.png,2480,3508,7202336,f410f9c4c6fedc41201d2035a234054be616c0f95c5586f69c939a5a231f78a7
cars-burnout-crew-car-club-1.png,cars,burnout-crew-car-club,1,Luxury car lineup with outlined BURN OUT background lettering and red club name.,burnout  posteer.png,2480,3508,6332730,85100cfbc8e5ce9d8da3fc9d4984e075b5757e75815c90458095aabb1b8bd4e8
cars-burnout-crew-car-club-4.png,cars,burnout-crew-car-club,4,"Luxury car lineup with red triangle, smaller vehicles and more ground space.",burnout4  posteer.png,2480,3508,6743521,46c773ecfdd0d41d30ae146fe0ef78f7328727f9a6a82787d7d92424a96294b5
cars-suzuki-swift-teal-1.png,cars,suzuki-swift-teal,1,"Teal Swift with white wheels, tilted model lettering and pale glow.",bvrhveurvh1233.png,2480,3508,8176916,ce0de3c3a19a0f5d0c492bba66dc3628062ad1090eba52f2b76a488df7b1b78b
cars-honda-civic-gold-1.png,cars,honda-civic-gold,1,Gold modified Civic with KIDDO lettering and golden light ring.,civic no  2  yn new2.png,2480,3508,10500920,ae12caa1a6c4c8fe41f530a6f0a21e5f6155c2bd9ba8d1b1644916ce2154bb1b
cars-honda-civic-gold-2.png,cars,honda-civic-gold,2,Gold modified Civic with CIVIC lettering and golden light ring.,civic no  2  yn.png,2480,3508,11377401,822b3d8948349b727e553938bad23e338d46ef4a7cce998bd478128ce95c2005
cars-honda-civic-purple-1.png,cars,honda-civic-purple,1,Purple Civic sedan with tall purple lettering and magenta light streak.,CIVIC1.png,2480,3508,8654041,333227804b7c0baa980faf9414bbac39808e96ebe469bbf109204c66f48855e3
bikes-honda-cbr-250r-rider-1.png,bikes,honda-cbr-250r-rider,1,"Helmeted rider with orange visor, orange HONDA title and CBR250R label.",colol  no  2 nn.png,2480,3508,9848798,4ac2c39471060c6b882a57b17587730855fb80c90fe7458952d12564c9ff9a36
cars-land-rover-defender-1.png,cars,land-rover-defender,1,Black Defender on wet sand with solid white DEFENDER lettering.,defender nv3w.png,2480,3508,6822154,05e33fac91a6802ab4680558203e99e1d02adf85ebed8f2bda94af2955a8ddba
cars-honda-accord-turquoise-1.png,cars,honda-accord-turquoise,1,Landscape Accordzilla poster with turquoise modified Accord and cyan neon triangle.,design  no23.png,3240,1920,7128065,d76fddc8954ab63e5b35538cfed215467092007bd5615124b4530f8dc41977d0
cars-suzuki-swift-silver-1.png,cars,suzuki-swift-silver,1,Silver Swift with black/slate model lettering and double headlight backdrop.,deva.png,2480,3508,7413742,446bee72c5195c2b2c3a4af7e118158c74a6887a30f888e6ffcf5cb6fd1f3a11
cars-suzuki-swift-christy-1.png,cars,suzuki-swift-christy,1,Dark grey modified Swift with large CHRISTY lettering and rear-car background.,FHFN.png,2480,3508,10209840,ee1058ba440f0c6c60c5bce578a400be2cdb1201df7d3bf5b49089b78b740afb
cars-ford-mustang-green-1.png,cars,ford-mustang-green,1,"Lime-green Mustang front view, matching title and rear-view backdrop.",ford mustang malabari  no 2.png,2480,3508,7912099,081403a1e29ee61a29284b7c1a819da1b415acba750322505e64eb6f2a91621b
cars-audi-rs4-9.jpg,cars,audi-rs4,9,Red Audi side/front composition with white script and enlarged bonnet backdrop.,fuelframes - 2025-07-14T134658.785.jpg,4419,6250,17530979,f18e02c541354a018fbe19d5bd90f658d893aef7d38202ffd5376a5a58f59407
bikes-yamaha-r6-gear-up-1.png,bikes,yamaha-r6-gear-up,1,Rider on a grey Yamaha R6 with red/white GEAR UP lettering and red light ring.,gearup poster.png,2480,3508,8290931,3e032ddca5031bda624d5c1c6eea1deec60a81130ff9db65144e8a9853150b7a
cars-suzuki-gypsy-blakox-brothers-3.png,cars,suzuki-gypsy-blakox-brothers,3,Alternate green Gypsy photo collage with shifted title and vehicle placement.,gpsye.png,2480,3508,11084097,ef962cead0a06daaade62940a27d41022b1f9e45c06be28741199af52adb8267
bikes-yamaha-r15-purple-1.png,bikes,yamaha-r15-purple,1,Purple Yamaha R15 with purple gothic lettering and matching light ring.,ha.png,2480,3508,8108008,eca57df0ca343835c7b80a1fa09f3335875158c1f97af9f04321b93424a967d6
bikes-moto-maniac-motorcycle-duo-1.png,bikes,moto-maniac-motorcycle-duo,1,"Vertical night poster with two sport motorcycles, KTM 250 fairing and red MOTO MANIAC text.",hhhh.png,900,1600,1950335,685c7e48e61d606683188a44b78bb67944e7fdad528cbe97242cdb6798698f74
cars-toyota-hilux-white-1.png,cars,toyota-hilux-white,1,White Toyota Hilux pickup with orange HILUX lettering and orange light ring.,hilux.png,2480,3508,9069301,2c997d60c7b07c18e21edb18c2a011e408a67aa645c2a9437da436b8c654bbc3
cars-honda-city-grey-1.png,cars,honda-city-grey,1,"Grey Honda City on grass with green HONDA script, yellow streak and rear-view backdrop.",honda  city.png,2480,3508,12137824,f0d40524d5221a79995fa62ea9bd3d29fd32795af1093063e5243f0bd7e1f4c9
cars-honda-accord-turquoise-2.png,cars,honda-accord-turquoise,2,Turquoise modified Accord with blue-gradient ACCORD title and cyan ring.,honda accord.png,2480,3345,7541795,71e4b5fecc0d0c98076a065e37234c0b3984fa82b1e2ef3a39b65780446729a9
cars-honda-accord-turquoise-4.png,cars,honda-accord-turquoise,4,Turquoise Accord with red title and tall cyan neon triangle.,honda accord_2.png,2480,3345,7885066,dff8ba213806c7f3818852d604057dd1610f6df633633e72b3349969b65d23b7
cars-honda-accord-turquoise-5.png,cars,honda-accord-turquoise,5,Turquoise Accord with red ACCORDZILLA lettering and cyan triangle.,honda accord_3.png,2480,3345,8597540,c59c8c7855800289200d6408899f63ed6aeaebd2637ab9215721464fa4ee5388
bikes-honda-cbr-1000rr-repsol-3.png,bikes,honda-cbr-1000rr-repsol,3,Repsol Honda composition with ATK CBRR branding above bottom specification text.,honda bike  no 334.png,2480,3508,7468102,7d3631332d25c138c19c56d5134d261a741e64dd2a0ef1b075e70fba181a9336
bikes-honda-cbr-1000rr-repsol-4.png,bikes,honda-cbr-1000rr-repsol,4,Repsol Honda with helmet portrait backdrop instead of riding photo.,honda bike  no334.png,2480,3508,8556678,f26a65746f8ab2ae104c9bce3bf856e586107fb894d404015ffe1ad1c607a592
cars-honda-city-anjana-3.png,cars,honda-city-anjana,3,Dark Honda City and owner portrait with purple HONDA lettering and ring.,hondacity.png,2480,3508,8019120,091a1cbb3309c3392481fb98a1e8d26c7b2383043acfd880b42c60a7582be94a
cars-honda-city-anjana-4.png,cars,honda-city-anjana,4,Dark Honda City and owner portrait with red ANJANA lettering and lower inset photos.,hondacity233.png,2480,3508,8476636,94fe092cab8dffa4529d36b0db92dfe42bf595a98652be64852721e60e63466d
cars-suzuki-jimny-black-1.png,cars,suzuki-jimny-black,1,Black Suzuki Jimny on sand with orange JIMNY title and yellow light ring.,jemny.png,2480,3508,8415001,2a25028b6178e74c8bf384ba4ff5d8e6a3ee1b4c465ef36701a0aa187f786466
bikes-ktm-duke-namzil-1.png,bikes,ktm-duke-namzil,1,"Helmeted rider on a black KTM Duke, purple DUKE lettering and purple ring.",ktm  bj4b kg.png,2480,3508,9016437,456b322ea4ee53798a33e8a36f05fbda43b26415e76e1cb4c1ef866a174ffa92
bikes-ktm-duke-390-red-1.png,bikes,ktm-duke-390-red,1,White-shirt rider on a red KTM Duke with cream custom lettering and orange outline.,ktm  duke 390 bs3.png,2480,3508,8988762,b2d0c5f29e19c7b50be144fba00b350a38cfbfef003937ae757bdf5754ccd4d4
bikes-ktm-duke-390-red-2.png,bikes,ktm-duke-390-red,2,White-shirt rider on a red KTM Duke with large cream KTM title.,ktm  duke 390 bs3n0 2.png,2480,3508,8600612,24577bff5449f54f3391dfd7e93adb244919e01cf82a1fc9e8e49e6b597c0fd6
bikes-ktm-duke-250-toxie-1.png,bikes,ktm-duke-250-toxie,1,KTM Duke rider with orange TOXIE block lettering and enlarged LED-headlight backdrop.,ktm duke  250 arjun no2.png,2480,3508,9812397,a85e54f11cf25d0826dd1f23e85c476a020e131aade9b7f09344bc276b465f97
bikes-ktm-duke-250-toxie-3.png,bikes,ktm-duke-250-toxie,3,KTM Duke rider with orange TOXIE gothic lettering and white glow.,ktm duke  250 arjun no4.png,2480,3508,9343365,68c801a18ce9863a037df3f5e67be5e53503334707942d175329427c0d7cad97
bikes-ktm-duke-250-toxie-4.png,bikes,ktm-duke-250-toxie,4,KTM Duke rider with orange DUKE title and motorcycle side-view backdrop.,ktm duke  250 arjun.png,2480,3508,9156358,101e0a58439dfd44ecefd2e05d941b7a93dc8960dfaf81e6d83a9fef399fe9a1
bikes-ktm-duke-390-monochrome-1.png,bikes,ktm-duke-390-monochrome,1,Black KTM Duke poster with monochrome motorcycle collage and curved DUKE lettering.,ktm no 344.png,2480,3508,8775870,9c6d590f9301a63a5358229d95c584e0f2aa5221106214cf0997ae04f59429e4
bikes-ktm-duke-namzil-2.png,bikes,ktm-duke-namzil,2,Helmeted rider beside green-accented KTM Duke with bright green KTM lettering.,"ktm, no 333.png",2480,3508,7626088,82e68bee776310466f28daeb62de547c50459cc23f33016e0f512d53807bfdd0
bikes-ktm-duke-namzil-3.png,bikes,ktm-duke-namzil,3,White-shirt rider on a blue-accented KTM Duke with purple NAMZIL lettering.,ktm.png,2480,3508,10009993,041e2dead41885865b3c69f02636783f65a75a374d3cc946e20e53ccb6bed84f
buses-lexus-the-brothers-1.png,buses,lexus-the-brothers,1,Two decorated Lexus tourist buses beneath trees with THE BROTHERS lettering.,lexues  bus  no 3.png,2480,3508,6220916,a6ebc4b94a6dbd768f8caadeeaa7383052551c10f5b2470ab7b61c97828306b9
cars-lexus-ls-silver-1.png,cars,lexus-ls-silver,1,"Lowered silver Lexus LS sedan; LS400 lettering, grille backdrop and orange light ring.",lexus  ls  400.png,2480,3508,10495158,99a16f3c667a4b6016490433611470b8b40ff231f137f268b443efedb17b9843
cars-lexus-ls-silver-2.png,cars,lexus-ls-silver,2,"Same silver classic Lexus sedan composition, with LS430 printed title and street backdrop.",lexus  ls  430.png,2480,3508,7492777,2e241f43018071192bff0616b40f10a2e4e3e6d41ae4665f6ec74b01cc9ce0ed
cars-lexus-black-sedan-1.png,cars,lexus-black-sedan,1,"Black Lexus sedan with spindle grille, large 250 lettering and red light effects.",LEXUS 2503.png,2480,3508,7760654,1eeba4b15426fc4a943ffcf95a705c01269bf06e6b6f88b4c47701d2fe85b4dc
buses-lexus-holidays-2.png,buses,lexus-holidays,2,White Lexus Holidays coach with bright golden light ring around the bus.,lexus.png,2480,3508,8258795,dcb67eb8cfd20c1ceec3ed60988a5b2f28cfb4257e64ae4b56d6eda35fa2fa04
cars-volkswagen-polo-solo-leveling-anime-2.png,cars,volkswagen-polo-solo-leveling-anime,2,Alternate Solo Leveling Polo composition with different car scale and lighting.,mighty forty no 2.png,2480,3508,9764295,65e461440869f11a18ff8732f8ecaf80b2130f970645cf4e7e506401717bbfda
cars-volkswagen-polo-solo-leveling-anime-3.png,cars,volkswagen-polo-solo-leveling-anime,3,Wrapped Polo with purple title and car-photo backdrop without foreground anime characters.,mighty forty.png,2480,3508,9740291,244a09fcf7b590186ac0e15985a019ac93965f97c07b1ae3ab52e926c77ecf21
cars-suzuki-swift-qureeshi-1.png,cars,suzuki-swift-qureeshi,1,White Swift and owner portrait with red QUREESHI text and a close vehicle crop.,nandaj  poster.png,2480,3508,10671478,71879bee325d935ee42c5187b55b216a005420bed21d6374ac6f2ab0eb638e45
cars-suzuki-swift-qureeshi-2.png,cars,suzuki-swift-qureeshi,2,"White Swift and owner portrait with white QUREESHI text, red triangle and light ring.",nandaj  posterv.png,2480,3508,9960606,f41b608a52d944b5b0fad785df6bdc85fc3a58d49edecdaa6c4b509a9c90d549
cars-honda-city-grey-2.png,cars,honda-city-grey,2,Grey Honda City on grass with tall white HONDA lettering and inset photos.,new  design  model  honda  city  o  promatoion  no 23.png,2480,3508,12320666,9caa350b3c7814e50d0e08ce9e6b9008e0884938da4598cc9b868e75fe21bd71
cars-toyota-innova-gear-shifter-2.png,cars,toyota-innova-gear-shifter,2,Beige Innova front view with orange INNOVA title and yellow light ring.,ninova 2.png,2480,3508,6795280,ea0240dbc5ef7ea9da36f8bffd080b0a4507992b842052ba4fa734047747cf8e
cars-toyota-innova-gear-shifter-3.png,cars,toyota-innova-gear-shifter,3,Beige Innova angled view with purple INNOVA title and cyan ring.,ninova.png,2480,3508,5630694,6dd1f020eb37613b36ee4e3dfefa3abe0a0c802bbcf99c37fad3a9d9e85b0daf
cars-maruti-800-devilboy-1.png,cars,maruti-800-devilboy,1,White Maruti 800 with red DEVILBOY gothic lettering and angular outlines.,nkn.png,2480,3508,5987489,fa82fed880195510b552fb81758fc246d033f782f4bea8323cb7ea40e48d41e5
cars-honda-accord-turquoise-6.png,cars,honda-accord-turquoise,6,Landscape Accordzilla poster with red corner accents and trees behind the car.,no  rells  no no2334.png,3240,1920,7170701,fa2bae898e3552de9dc73b9efcb8a0eccd2dd0b6bf127dfe5b719d096678614d
portraits-sana-rose-photo-collage-1.png,portraits,sana-rose-photo-collage,1,Woman in a black/red sari against monochrome childhood photos; SANA ROSE lettering.,no2.png,2480,3508,18830099,fdbc6b9616ce4306b0b0533ecf1cb456eb871a3b6b5be5104cab65bd17babf53
buses-bluff-college-trip-ad-1.png,buses,bluff-college-trip-ad,1,"Bluff tourist-bus advertisement with Kerala, Goa, Delhi and Manali destination tiles.",normal  test.png,1080,1350,1886199,0c5d3aaf2b7c6019f4ab5d63ef9f8d9dbbbf3f3aa78e21626a6115be9d310d50
bikes-bajaj-pulsar-ns200-alora-1.png,bikes,bajaj-pulsar-ns200-alora,1,Grey Pulsar NS200 with red ALORA lettering and red light ring.,ns.png,2480,3508,9051844,54ee4712f5ba19dc87a6ab57a34f57d208992d504e075817f797452a7d629137
cars-toyota-celica-red-3.png,cars,toyota-celica-red,3,Red Toyota Celica with PETROLHEAD_OFFICIAL masthead and tighter composition.,pertrolhead vrno1.png,2480,3508,9280170,efeb89a8841422124652f48f0182cd78ad4b01d6b9e7d9392df60f022be0a91a
cars-toyota-innova-gear-shifter-4.png,cars,toyota-innova-gear-shifter,4,"Beige Innova and owner portrait, with Toyota Innova script above the red GEAR SHIFTER title.",pic  no 2.png,2774,4160,7372770,b757b0257627baaa7f6de26adebc9ce98190025c0d796a0283a4d705ab67917e
cars-volkswagen-polo-red-1.png,cars,volkswagen-polo-red,1,Red Polo on a marked road with large diagonal white POLO lettering.,polo  insta  post.png,2480,2747,7103910,90eef4ff28e21fbb1c2a2bfd57ac9c7c5e4c993ae627b52ab306ee29f6ede52f
cars-volkswagen-polo-owner-portrait-1.png,cars,volkswagen-polo-owner-portrait,1,Red Polo and owner portrait with graffiti lettering and enlarged headlight backdrop.,polo  new  design n.png,1080,1350,2550819,99f74e2fec5c3a2a9b05a4016355248ed30a24b4f874453d5bf4fecd471d65d2
cars-volkswagen-polo-gokzon-yellow-1.png,cars,volkswagen-polo-gokzon-yellow,1,"Yellow and black graphic-wrapped Polo, GOKZON lettering and reflective ground.",polo goko.png,2480,3508,16778160,000e85a6bceba23116233d6e5d0cd56afee617402a6dcce01b37867ee209c085
cars-volkswagen-polo-red-3.png,cars,volkswagen-polo-red,3,Alternate red Polo and KASSIM AFSAL layout with motorsport-style top labels.,polo no 23.png,2480,3508,7820045,7373f902f9faf458591238c0f2cba30504194361b0da62d20546aad2dea7a6fa
cars-volkswagen-polo-red-5.png,cars,volkswagen-polo-red,5,"Alternate night Polo composition with adjusted title, spacing and specifications.",polo no 33.png,2480,3508,8468717,ad8c8db0a787b6184d11c621a2d98b8bcad049a311caf383bbd19b74bcbd802a
cars-volkswagen-polo-red-6.png,cars,volkswagen-polo-red,6,Red Polo GT on grass with white italic title and NIDAVELLIR header.,polono233.png,2480,3508,8814316,026ffabf076b91791c9574ea881ed97199d89806d42fc5f193802562c8a0d3a7
buses-bluff-college-trip-ad-2.png,buses,bluff-college-trip-ad,2,"Bluff tourist-bus advertisement with Kerala, Goa, Delhi and Hampi destination tiles.",poster no 2.png,1080,1350,1858119,c113a25db3890f52fc6b1a82e0d6aeec84c858a4a3fa2f02736aeed31b2c8ece
buses-prado-travelmate-fleet-2.png,buses,prado-travelmate-fleet,2,Prado fleet with large stylized white PRADO TRAVELMATE logo and twin bus backdrop.,prod23444   poster.png,2480,3508,10725074,a536547a92cb1173e57225d639c50acabdcf9b52c378393935dde3bd65a61cbd
buses-prado-travelmate-fleet-4.png,buses,prado-travelmate-fleet,4,Prado fleet with red title and red-tinted twin bus backdrop.,prodo22   poster.png,2480,3508,10760761,f4509d58cc5bb95f30e81c59f7aa600ccdb154dd5eed03fc817db7edf8616e59
cars-honda-civic-redbee-2.png,cars,honda-civic-redbee,2,Alternate Redbee Civic composition with adjusted crop and less red ground tint.,redbee.png,2480,3508,8186302,71ba399d36813f92eb2557b0375d0ca89c2e8521104babf3fedfeb90b5dfef03
bikes-yamaha-r15-redex-3.png,bikes,yamaha-r15-redex,3,Alternate yellow R15 composition with brighter ring and adjusted title scale.,redex r15no33t4t.png,2480,3508,7833450,33da91627afd98a25e1a36d01efbd25f2215b1d3818fc475943b77b424e71c5d
bikes-ktm-rc-390-revkid-2.png,bikes,ktm-rc-390-revkid,2,Turquoise KTM RC with cyan light streak and ring added around the bike.,revkid.png,2480,3508,7154705,54b2d25a95b0bf657097808758447b75df52d5be48bf7dd19093b4e2fb607f60
bikes-yamaha-rx100-2.png,bikes,yamaha-rx100,2,Black Yamaha RX100 with added red light streak and ring.,rx100.png,2480,3508,13740685,4a113c040da270a6d5ee1e2ffd25ef3a55a5890b8db15de1b398bce4f10ca893
cars-honda-city-grey-3.png,cars,honda-city-grey,3,Grey Honda City with diagonal white HONDA lettering and dark front-view backdrop.,s 3.png,2480,3508,8186382,7f61369688419fed4b273352d5cc60a6e81c0102e2d2f18f66926d1eef3de360
cars-honda-city-owner-photo-2.jpg,cars,honda-city-owner-photo,2,Night source photograph of an owner facing away beside a dark Honda City.,SAVE_20250111_113642.jpg,3024,4032,5015985,be7933a08f99a8428814df24e73b4ab6dedc09768bce6ebcf8d41550fc99b41b
cars-honda-city-owner-photo-3.jpg,cars,honda-city-owner-photo,3,Closer source-photo crop of a dark Honda City and owner beside a green field.,SAVE_20250114_145159.jpg,3022,3795,5046901,296cc3ca8c1db04d47a18ee983160981d722b87b4048c188021eaaa261c0588a
cars-kia-seltos-black-1.png,cars,kia-seltos-black,1,Black Kia Seltos with white model lettering and red rear-view backdrop; larger print export.,seltos  no 23  no 23 a3.png,3600,5400,14675961,f0888f06326668aaa627769d5095827f454840087f4aa944f11b212cc3eade71
bikes-triumph-speed-400-2.png,bikes,triumph-speed-400,2,Alternate black Triumph Speed 400 composition with a closer motorcycle crop.,speed  400  milan.png,2480,3508,7689488,2987b151f4f139aa87d9e643d56acb7a1adea70ca579a5bc94c062ac2d65edb2
bikes-hero-splendor-purple-1.png,bikes,hero-splendor-purple,1,"Purple Hero Splendor with purple gothic lettering, headlight backdrop and yellow ring.",spelnder b-3.png,2480,3508,8787280,fe814bcc610e79d40971b2b3bf8a4cdb10baaf2ed00fc0101c7624a79d00ac8e
cars-suzuki-swift-teal-4.png,cars,suzuki-swift-teal,4,"Teal Swift with green script, green light ring and angled headlight backdrop.",swift  no3.png,2480,3508,10048807,28f6c995c4a572617d8030527c3e4d7df06643d19ab73625146853f3ab7e116a
cars-suzuki-swift-teal-6.png,cars,suzuki-swift-teal,6,Alternate teal Swift green-title composition with softer glow and ground shading.,swift  no34.png,2480,3508,9082630,351437bcc38c9bea9660c2b3957b4b3c848f135548e1f8def4943177072d4115
cars-suzuki-swift-white-1.png,cars,suzuki-swift-white,1,"White Swift with yellow script, rear-view collage and GAMBINO header.",swift 3.png,2480,3508,22994194,8b53fc94b5f50f073eece61a2a63a3cd44dc36c227ae967eb95139d8cb169945
cars-suzuki-swift-red-3.png,cars,suzuki-swift-red,3,Alternate red Swift block-title poster with stronger white glow.,swift no 23 glow.png,2480,3508,8362743,b7018d9c5b32064736de51e20b7ea02d587e82da9a487e108f900c2ae38754c6
cars-suzuki-swift-red-4.png,cars,suzuki-swift-red,4,Red Swift with white cursive Swift title and red outline.,swift no 233.png,2480,3508,8931101,f3cefc52be9f0fb35becee2f9ca5befab77a77d5d8c2a7faed7d1006c7f79401
cars-suzuki-swift-christy-5.png,cars,suzuki-swift-christy,5,Dark grey Swift with tall white SWIFT title and red glow.,swift no 3 no 333.png,2480,3508,10485272,08336216ebc50cc6786f2ad392525ecac3260bad6dfb4a4683aa748ff8090fb2
cars-suzuki-swift-christy-6.png,cars,suzuki-swift-christy,6,Dark grey Swift with curved white SWIFT lettering outlined in black.,swift no 3 no2.png,2480,3508,10617079,bb72748d8b43b1758eb9bc177991bd352ae4e96a37b2befdd28c406c84ed2de2
cars-suzuki-swift-christy-7.png,cars,suzuki-swift-christy,7,Dark grey Swift with white brush CHRISTY lettering and specification strip.,swift no 3.png,2480,3508,10759847,6596b7f2b04c93147f7791f459e8825eaaf93a51623dff2badda3329b0faaa02
cars-suzuki-swift-christy-8.png,cars,suzuki-swift-christy,8,Dark grey Swift with red-outlined white graffiti SWIFT lettering.,swift no 3323.png,2480,3508,10690187,a61c36642191e24aefc6f763c3ba8a6fefe74aa61b282c4b7df9163786d8108a
cars-suzuki-swift-grey-1.png,cars,suzuki-swift-grey,1,"Grey Swift with black block title, red glow and AKHIL SANTHOSH footer.",swift no 5 novr3.png,2480,3508,6647522,93be2fe2d762fc52f04033d0276f9293dba8104846447e49d5f8c23cc6aeef45
cars-suzuki-swift-grey-3.png,cars,suzuki-swift-grey,3,Grey Swift with red gothic SWIFT lettering and white outlines.,swift no 5.png,2480,3508,6365487,b650d33fe706e19fa9206e38d449961640c7bc5fe6612fae5489a0ac709f7e1e
cars-suzuki-swift-red-6.png,cars,suzuki-swift-red,6,Red Swift with white graffiti title and enlarged rear-side backdrop.,swift no ssss.png,2480,3508,10730982,1340b3df3186ad90918a3fd02e13ef7f549c21af84605c1dc885681997f22dbf
cars-suzuki-swift-red-7.png,cars,suzuki-swift-red,7,Alternate red modified Swift side-graphic composition and gothic title.,swift no9.png,2480,3508,7777542,6ae0b0d3a139c8db1ca1872b9a72a346cae2cd25c6ad0e783fe099e274fd5221
cars-mahindra-thar-1.png,cars,mahindra-thar,1,Dark Mahindra Thar on pavement with tall white THAR lettering and yellow ring.,thar edit 2.png,2480,3508,15371502,97e19430b868c130e960917628984415e9d107871706c70a17aa5e141fbfef20
cars-mahindra-thar-2.png,cars,mahindra-thar,2,Mahindra Thar on an off-road slope with illuminated round headlights and yellow ring.,Thar.png,2480,3508,16431355,f3f18fc96c4577f27ad447a482fab82de43cac7e9b1879c2ca100fb2a7fcc97e
mockups-yamaha-rx100-wall-1.png,mockups,yamaha-rx100-wall,1,RX100 poster displayed as a square presentation mockup on a white wall with shadow.,Untitled-1.png,2480,2480,4542879,2469f429d656b83aba8ab39f2d0270d6f3e057bbbda4a54d726b1f5683312448
cars-suzuki-swift-motokeeper-1.png,cars,suzuki-swift-motokeeper,1,"White Swift with black side graphics, green gothic title and MOTOKEEPER footer.",Untitled-2-Recovered.png,2480,3508,9739953,8a6c56c5e98b6d205b5a039138ea1294da3e3d0a16355e3af124f1340fcccff0
mockups-toyota-celica-rock-display-1.png,mockups,toyota-celica-rock-display,1,Landscape mockup of a red Celica poster between rocks and vertical white lights.,untitled.png,3840,2160,6359781,643cc7c67eeedfc7347889415e99a45d1044b9b77ff28bfa48523b11f78f33dd
vans-force-traveller-varoor-3.png,vans,force-traveller-varoor,3,"White Force Traveller with pink script, inset photo and VAROOR_TRAVELHUB_OFFICIAL header.",varoor 33333.png,2480,3508,8340523,8e67b89a8066f0de5c91c92a80e25d5e100d391f4631e1011d12879332a68580
vans-force-traveller-varoor-4.png,vans,force-traveller-varoor,4,White Force Traveller with tall pink block VAROOR lettering.,varoor.png,2480,3508,7505235,40c07d54563b0c054997456927d82a4474ca90de504d40a09120a366046537d4
cars-hyundai-venue-white-1.png,cars,hyundai-venue-white,1,White Hyundai Venue on a wet road with white/blue VENUE lettering and grille backdrop.,venu  222 33.png,2480,3508,6440323,d86d9e44351316691d4a922bbbfc9cdeb008dc87af2baeaecd638bf3cb0cdf2a
cars-hyundai-venue-white-2.png,cars,hyundai-venue-white,2,White Hyundai Venue driving through rain with tall red VENUE lettering.,venue.png,2480,3508,9747204,b27b9e448d673da5bb7f100dc5486ff617255db469574e46e48c5e1c10c8c16d
cars-honda-city-grey-4.png,cars,honda-city-grey,4,Grey Honda City with white diagonal title and alternate bonnet/background photo.,vhmyh.png,2480,3508,7980621,2320cb33f7894ade1f80986bb3366a1c1859ad1be3e4030fe20bb7008fe02fae
cars-honda-civic-viper-collection-1.png,cars,honda-civic-viper-collection,1,"Red Honda Civic, owner portrait and two red sport motorcycles beneath VIPER lettering.",viper  no 2  no 223.png,2480,3508,8032956,2081d8d0aa12b85073ccdcee4d7cd8ec30e4bc947107cf180c7e332573b237a0
cars-honda-civic-viper-collection-2.png,cars,honda-civic-viper-collection,2,"Red Honda Civic and sport-motorcycle lineup without owner portrait, with VIPER lettering.",viper.png,2480,3508,7689040,bf88f645bc24c0b0e9a7b8ed88a532b0dac2d6d0eb459908046ad1771974819d
cars-suzuki-wagon-r-white-2.png,cars,suzuki-wagon-r-white,2,White Wagon R with yellow script and enlarged foreground vehicle.,wangor22.png,2480,3508,10541526,bab54fcf837b8b4f809840ee2926b496c4654e1640af472f6fa741d96cc8b3e4
bikes-yamaha-r6-red-rider-1.png,bikes,yamaha-r6-red-rider,1,Rider on a red Yamaha R6 with red YAMAHA lettering and enlarged R6 fairing backdrop.,yahama  r6 123.png,2480,3508,10298584,852355b129938e1182025761a53ec932aa0cf104ed43f36e25eb0522d05fdd69
bikes-yamaha-r6-red-rider-2.png,bikes,yamaha-r6-red-rider,2,Red Yamaha R6 rider composition with building/trees background instead of fairing close-up.,yahama  r6 23.png,2480,3508,9963866,d8d137413561cf7f357cf44ecf1af80e45095b87cac55d9fa13379edad606008
bikes-yamaha-r15-austrian-1.png,bikes,yamaha-r15-austrian,1,Rider on a dark Yamaha R15 with purple AUSTRIAN lettering and purple light ring.,yamaha r15v.png,2480,3508,8676798,a0507a3717f91047c3b1812cc29741454ad1027e0ec63ada9a95f0a66e67ee7c
cars-bmw-yellow-black-1.png,cars,bmw-yellow-black,1,"BMW sedan with split yellow/black paint, white lightning graphics and yellow BMW title.",yellow and black bmw.png,1200,1800,2648057,908cd164baa4dd39c901d5f1292e29dd7c6e4db1dc15166087f765f21b83faff
cars-suzuki-swift-white-graphic-wrap-1.png,cars,suzuki-swift-white-graphic-wrap,1,"White modified Swift with black/orange graphics, front splitter and vertical East Asian lettering.",zilaa.png,2480,3508,9541212,3aecba669c2a8f8a2d64e9da31b9d40308d7249ade074dd87c30eaaf96b73c91
